metric,value
retailer_c_jul_rate_pct,3.3928839513586553
retailer_c_aug_rate_pct,2.905425437296176
retailer_c_sep_rate_pct,5.13677811550152
sep_peers_excl_c_rate_pct,2.6601396478445656
sep_gap_vs_peers_pp,2.476638467656954
excess_vs_peers,162.96281117182758
excess_vs_own_jul_aug,130.88729768031627
retailer_c_evening_rate_pct,8.00266755585195
retailer_c_morning_orders,896.0
retailer_driven_share_pct,40.828402366863905
retailer_initiated_oos_share_pct,29.289940828402365
early_closures_evening,20.0
early_closures_total,29.0
rolling14_c_alert_days,1.0
fixed_c_alert_days,12.0
sustained_c_alert_days,6.0
flagged_stores_z_ge_3,11.0
flagged_store_order_share_pct,27.5531914893617
flagged_store_share_net_excess_pct,99.70933457984198
