cancellation_type,jul_aug_cancellations,sep_cancellations,jul_aug_per_1000,sep_per_1000,change_per_1000,implied_excess_cancellations,share_of_total_increase_pct
retailer initiated out of stock,33,99,2.461400760796599,15.045592705167174,12.584191944370575,82.80398299395839,63.26357443500876
item and replacement issues,10,33,0.7458790184232117,5.015197568389058,4.269318549965846,28.09211605877527,21.462828369631744
shopper could not find address,16,22,1.193406429477139,3.3434650455927053,2.150058616115566,14.147385694040423,10.80883014988551
store early closure,33,29,2.461400760796599,4.407294832826747,1.9458940720301485,12.803982993958376,9.782448886087689
unable to reschedule as no option found,12,17,0.895054822107854,2.5835866261398177,1.6885318040319637,11.110539270530321,8.488630652049286
manual_fraud,7,8,0.5221153128962482,1.2158054711246202,0.693690158228372,4.564481241142688,3.4873370617606736
customer requested to cancel,40,24,2.9835160736928468,3.64741641337386,0.663900339681013,4.368464235101066,3.3375769173344514
shopper unable to complete order,22,15,1.6409338405310658,2.2796352583586623,0.6387014178275965,4.202655329305585,3.2108962472204885
unable to reschedule unbatchable,16,12,1.193406429477139,1.82370820668693,0.630301777209791,4.147385694040425,3.1686693571825018
unable to access location,19,12,1.4171701350041022,1.82370820668693,0.40653807168282774,2.675020511673006,2.0437586832960446
other,11,7,0.8204669202655329,1.0638297872340425,0.24336286696850962,1.6013276646527934,1.2234400839750947
store outage,12,7,0.895054822107854,1.0638297872340425,0.1687749651261885,1.1105392705303203,0.8484698593462755
unbatchable,15,7,1.1188185276348177,1.0638297872340425,-0.05498874040077517,-0.3618259118371006,-0.2764408145401832
wrong store hours,10,4,0.7458790184232117,0.6079027355623101,-0.13797628286090158,-0.9078839412247324,-0.6936379292069884
too many replacements,10,2,0.7458790184232117,0.30395136778115506,-0.44192765064205664,-2.9078839412247324,-2.22167008774759
OnLine Pay Failure,11,2,0.8204669202655329,0.30395136778115506,-0.5165155524843779,-3.3986723353472064,-2.5966403123764104
missing charge log for delivery,17,2,1.2679943313194602,0.30395136778115506,-0.9640429635383051,-6.343402700082048,-4.846461660149328
incorrect customer information (phone/address),46,14,3.431043484746774,2.127659574468085,-1.303383910278689,-8.576266129633774,-6.552405223141476
customer requested since order is late,43,12,3.2072797792198107,1.82370820668693,-1.3835715725328808,-9.103900947266355,-6.95552670779562
cancelled by retailer,39,10,2.9089281718505258,1.5197568389057752,-1.3891713329447506,-9.14074737077646,-6.9836779678209435
