order_date,retailer,orders,cancellations,cancellation_rate,rolling14_mean,rolling14_sd,rolling14_z,rolling14_alert,baseline_rate,baseline_sd,fixed_z,fixed_baseline_alert,above_1sd,sustained_3day_alert
2026-09-01,Retailer A,212,5,0.02358490566037736,0.025698589914714385,0.012646471880510851,-0.1671362791384029,0,0.025980653799102842,0.010910548527842729,-0.21958090673550926,0,0,0
2026-09-02,Retailer A,208,9,0.04326923076923077,0.025255566458844685,0.01260077878145078,1.4295675388654108,0,0.025980653799102842,0.010910548527842729,1.5845744992572142,0,1,0
2026-09-03,Retailer A,204,7,0.03431372549019608,0.026685096231397715,0.013462250507091083,0.5666681997025739,0,0.025980653799102842,0.010910548527842729,0.763762854803129,0,0,0
2026-09-04,Retailer A,199,2,0.010050251256281407,0.028806912699920605,0.011973688494887747,-1.5664898457687026,0,0.025980653799102842,0.010910548527842729,-1.4600918095152133,0,0,0
2026-09-05,Retailer A,212,2,0.009433962264150943,0.026777535042402243,0.012602634427533285,-1.3761862948559682,0,0.025980653799102842,0.010910548527842729,-1.5165774197994026,0,0,0
2026-09-06,Retailer A,214,5,0.02336448598130841,0.025410573163310985,0.013405407647372955,-0.15263147796953005,0,0.025980653799102842,0.010910548527842729,-0.239783344633701,0,0,0
2026-09-07,Retailer A,196,4,0.02040816326530612,0.026703525169494667,0.012124445702752918,-0.5192288421695972,0,0.025980653799102842,0.010910548527842729,-0.5107433892600571,0,0,0
2026-09-08,Retailer A,217,5,0.02304147465437788,0.02504058537499157,0.011174929242360385,-0.1788924723599801,0,0.025980653799102842,0.010910548527842729,-0.2693887605398063,0,0,0
2026-09-09,Retailer A,192,2,0.010416666666666666,0.025482552665713587,0.01094626046080571,-1.3763500378044158,0,0.025980653799102842,0.010910548527842729,-1.4265082175032993,0,0,0
2026-09-10,Retailer A,218,3,0.013761467889908258,0.024897696630276155,0.011544411350842923,-0.964642405916589,0,0.025980653799102842,0.010910548527842729,-1.1199424005138086,0,0,0
2026-09-11,Retailer A,193,4,0.02072538860103627,0.02449369607040136,0.0118459742391685,-0.31810870033004546,0,0.025980653799102842,0.010910548527842729,-0.4816682850230319,0,0,0
2026-09-12,Retailer A,237,2,0.008438818565400843,0.024281460794442884,0.011887895171456879,-1.3326700816710264,0,0.025980653799102842,0.010910548527842729,-1.6077867385802675,0,0,0
2026-09-13,Retailer A,208,7,0.03365384615384615,0.021795430460311283,0.011239018348006674,1.0551113385839477,0,0.025980653799102842,0.010910548527842729,0.7032819967907223,0,0,0
2026-09-14,Retailer A,213,8,0.03755868544600939,0.022490459115866255,0.01167321919833721,1.2908372638363141,0,0.025980653799102842,0.010910548527842729,1.0611777783088048,0,1,0
2026-09-15,Retailer A,184,4,0.021739130434782608,0.022287219476006898,0.011357848405171109,-0.0482564145665785,0,0.025980653799102842,0.010910548527842729,-0.3887543649612347,0,0,0
2026-09-16,Retailer A,223,3,0.013452914798206279,0.022155378388464413,0.011352337706677677,-0.7665789914916967,0,0.025980653799102842,0.010910548527842729,-1.1482226552521086,0,0,0
2026-09-17,Retailer A,198,4,0.020202020202020204,0.020025641533391234,0.00977366804405869,0.018046312585395023,0,0.025980653799102842,0.010910548527842729,-0.5296373122154299,0,0,0
2026-09-18,Retailer A,197,8,0.04060913705583756,0.019017662584235817,0.00887293679537684,2.433407897467699,1,0.025980653799102842,0.010910548527842729,1.3407651521281592,0,1,0
2026-09-19,Retailer A,193,5,0.025906735751295335,0.021200440141346973,0.010162340545484932,0.46311138550059133,0,0.025980653799102842,0.010910548527842729,-0.006774915818290438,0,0,0
2026-09-20,Retailer A,209,5,0.023923444976076555,0.02237706681900014,0.009635144251465189,0.16049351381960494,0,0.025980653799102842,0.010910548527842729,-0.18855228202106222,0,0,0
2026-09-21,Retailer A,195,5,0.02564102564102564,0.02241699246148358,0.009640707098670624,0.33441874610905126,0,0.025980653799102842,0.010910548527842729,-0.031128421931354042,0,0,0
2026-09-22,Retailer A,222,5,0.02252252252252252,0.022790768345463546,0.009658257173383578,-0.02777372957931395,0,0.025980653799102842,0.010910548527842729,-0.31695301732589193,0,0,0
2026-09-23,Retailer A,213,7,0.03286384976525822,0.022753700336045308,0.009658216815825724,1.0467925520833887,0,0.025980653799102842,0.010910548527842729,0.6308753357899546,0,0,0
2026-09-24,Retailer A,224,7,0.03125,0.024357070557373274,0.009309534209566426,0.7404161462281957,0,0.025980653799102842,0.010910548527842729,0.4829588711740995,0,0,0
2026-09-25,Retailer A,227,7,0.030837004405286344,0.025606251422379826,0.008944598259600374,0.5847946247661008,0,0.025980653799102842,0.010910548527842729,0.4451059993721247,0,0,0
2026-09-26,Retailer A,192,1,0.005208333333333333,0.026328509694111973,0.008928393132480453,-2.3655069895999428,0,0.025980653799102842,0.010910548527842729,-1.903874989672649,0,0,0
2026-09-27,Retailer A,216,4,0.018518518518518517,0.026097760748964298,0.009452659458243265,-0.8018105660028029,0,0.025980653799102842,0.010910548527842729,-0.6839376830176442,0,0,0
2026-09-28,Retailer A,209,4,0.019138755980861243,0.025016665917869465,0.009387281831958888,-0.6261567557284738,0,0.025980653799102842,0.010910548527842729,-0.6270901779852496,0,0,0
2026-09-29,Retailer A,198,8,0.04040404040404041,0.02370095667035888,0.008764377560731406,1.9057923529583336,0,0.025980653799102842,0.010910548527842729,1.3219671374111386,0,1,0
2026-09-30,Retailer A,212,5,0.02358490566037736,0.02503416452530587,0.00980127982932122,-0.14786424733971465,0,0.025980653799102842,0.010910548527842729,-0.21958090673550926,0,0,0
2026-09-01,Retailer B,185,4,0.021621621621621623,0.02709908120833612,0.011076222365973835,-0.49452416227587287,0,0.02780399377314152,0.012047347466695052,-0.5131728929219558,0,0,0
2026-09-02,Retailer B,196,2,0.01020408163265306,0.027891603053489544,0.01015808833602109,-1.7412253994795108,0,0.02780399377314152,0.012047347466695052,-1.4608952044542165,0,0,0
2026-09-03,Retailer B,176,5,0.028409090909090908,0.02748064839807115,0.010775641401152237,0.08616122942996982,0,0.02780399377314152,0.012047347466695052,0.05022658619436215,0,0,0
2026-09-04,Retailer B,188,6,0.031914893617021274,0.026732091399514147,0.01027452842698364,0.5044321259451395,0,0.02780399377314152,0.012047347466695052,0.34122862773273177,0,0,0
2026-09-05,Retailer B,190,4,0.021052631578947368,0.027170784095280762,0.010361187886391966,-0.5904875563900129,0,0.02780399377314152,0.012047347466695052,-0.5604023800972224,0,0,0
2026-09-06,Retailer B,190,3,0.015789473684210527,0.02665678723873261,0.010481398242544461,-1.0368190677471996,0,0.02780399377314152,0.012047347466695052,-0.9972751364684374,0,0,0
2026-09-07,Retailer B,171,6,0.03508771929824561,0.02628084738910855,0.01078777631249756,0.8163750947388819,0,0.02780399377314152,0.012047347466695052,0.6045916368926841,0,0,0
2026-09-08,Retailer B,227,6,0.02643171806167401,0.027259229172443895,0.010930312699770938,-0.07570790822729413,0,0.02780399377314152,0.012047347466695052,-0.11390687578831536,0,0,0
2026-09-09,Retailer B,209,7,0.03349282296650718,0.02658310646988948,0.010643881365446453,0.6491726334952318,0,0.02780399377314152,0.012047347466695052,0.4722059531438314,0,0,0
2026-09-10,Retailer B,177,4,0.022598870056497175,0.026646258420913282,0.010684925972484615,-0.37879423543399143,0,0.02780399377314152,0.012047347466695052,-0.4320555816152835,0,0,0
2026-09-11,Retailer B,191,7,0.03664921465968586,0.0248410105374108,0.008789807365966318,1.3433973727337665,0,0.02780399377314152,0.012047347466695052,0.7342048455892051,0,0,0
2026-09-12,Retailer B,168,3,0.017857142857142856,0.0246963806453047,0.00855829600507607,-0.7991354568836337,0,0.02780399377314152,0.012047347466695052,-0.8256465536083173,0,0,0
2026-09-13,Retailer B,189,4,0.021164021164021163,0.025186961493028404,0.007882265455834316,-0.5103786914496174,0,0.02780399377314152,0.012047347466695052,-0.5511563958353979,0,0,0
2026-09-14,Retailer B,192,6,0.03125,0.024507616817189427,0.007782116828549221,0.8663944953994632,0,0.02780399377314152,0.012047347466695052,0.2860385853720067,0,0,0
2026-09-15,Retailer B,195,2,0.010256410256410256,0.025251664436237047,0.007900858405962169,-1.8979272136444096,0,0.02780399377314152,0.012047347466695052,-1.456551623935612,0,0,0
2026-09-16,Retailer B,194,7,0.03608247422680412,0.02443986362443623,0.008831588738652097,1.318291753262145,0,0.02780399377314152,0.012047347466695052,0.6871620891277934,0,0,0
2026-09-17,Retailer B,161,7,0.043478260869565216,0.02628832023830416,0.008315963713090933,2.0671014478094425,1,0.02780399377314152,0.012047347466695052,1.3010554513975199,0,1,0
2026-09-18,Retailer B,200,8,0.04,0.02736468952119519,0.009502204931208492,1.3297240556564012,0,0.02780399377314152,0.012047347466695052,1.0123395428391517,0,1,0
2026-09-19,Retailer B,164,5,0.03048780487804878,0.027942197119979383,0.010030998816821061,0.25377410610403495,0,0.02780399377314152,0.012047347466695052,0.22277195144629716,0,0,0
2026-09-20,Retailer B,172,10,0.05813953488372093,0.028616138069915198,0.009847793350162705,2.997970790412448,1,0.02780399377314152,0.012047347466695052,2.518026577588316,1,1,0
2026-09-21,Retailer B,190,5,0.02631578947368421,0.0316411424413088,0.011896107832080203,-0.44765506859846416,0,0.02780399377314152,0.012047347466695052,-0.12352962372600751,0,0,0
2026-09-22,Retailer B,195,3,0.015384615384615385,0.0310145760252687,0.011931568520749173,-1.3099669681712494,0,0.02780399377314152,0.012047347466695052,-1.030880733112377,0,0,0
2026-09-23,Retailer B,177,8,0.04519774011299435,0.030225497262621654,0.012604292016708386,1.1878686109878547,0,0.02780399377314152,0.012047347466695052,1.4437822423515154,0,1,0
2026-09-24,Retailer B,178,4,0.02247191011235955,0.031061562773085024,0.013211279753238315,-0.6501756696674295,0,0.02780399377314152,0.012047347466695052,-0.44259399635667007,0,0,0
2026-09-25,Retailer B,197,7,0.03553299492385787,0.03105249420564662,0.013217577686870452,0.33898047163830247,0,0.02780399377314152,0.012047347466695052,0.6415521069748517,0,0,0
2026-09-26,Retailer B,186,4,0.021505376344086023,0.03097276422451605,0.013184545992815513,-0.7180670373927909,0,0.02780399377314152,0.012047347466695052,-0.5228219279362575,0,0,0
2026-09-27,Retailer B,156,3,0.019230769230769232,0.03123335233072627,0.012939149040642632,-0.9276176557095228,0,0.02780399377314152,0.012047347466695052,-0.7116275649949506,0,0,0
2026-09-28,Retailer B,183,5,0.0273224043715847,0.031095262906922567,0.01306458548881313,-0.28878516953855676,0,0.02780399377314152,0.012047347466695052,-0.03997472496648546,0,0,0
2026-09-29,Retailer B,188,4,0.02127659574468085,0.030814720362035756,0.013103119952061334,-0.7279277494406515,0,0.02780399377314152,0.012047347466695052,-0.5418120500388729,0,0,0
2026-09-30,Retailer B,165,6,0.03636363636363636,0.031601876468340805,0.012062815983052482,0.39474695643086477,0,0.02780399377314152,0.012047347466695052,0.7105001838917666,0,0,0
2026-09-01,Retailer C,219,12,0.0547945205479452,0.031212804669540205,0.019380845245500773,1.2167537369857204,0,0.03142531257354373,0.013339399898186206,1.7518934999151683,0,1,0
2026-09-02,Retailer C,214,9,0.04205607476635514,0.03366149752919197,0.020078088746602277,0.41809643054714296,0,0.03142531257354373,0.013339399898186206,0.7969445607712009,0,0,0
2026-09-03,Retailer C,229,15,0.06550218340611354,0.03363315785616881,0.02006500124299038,1.5882892387598544,0,0.03142531257354373,0.013339399898186206,2.5546029875904184,1,1,0
2026-09-04,Retailer C,226,9,0.03982300884955752,0.03527237156450823,0.021719018714196268,0.20952315318347445,0,0.03142531257354373,0.013339399898186206,0.6295407844513042,0,0,0
2026-09-05,Retailer C,227,10,0.04405286343612335,0.03489936897911627,0.02158268604610198,0.4241128484867287,0,0.03142531257354373,0.013339399898186206,0.9466356027227748,0,0,0
2026-09-06,Retailer C,239,10,0.04184100418410042,0.035985562521256946,0.021637197312666778,0.27061922938677446,0,0.03142531257354373,0.013339399898186206,0.7808216029248014,0,0,0
2026-09-07,Retailer C,229,15,0.06550218340611354,0.033608679184977064,0.01862603993440679,1.7123073038312067,0,0.03142531257354373,0.013339399898186206,2.5546029875904184,1,1,0
2026-09-08,Retailer C,244,18,0.07377049180327869,0.03828740657112804,0.017740148214812262,2.000157202887617,1,0.03142531257354373,0.013339399898186206,3.174444094407331,1,1,0
2026-09-09,Retailer C,215,14,0.06511627906976744,0.04247447633196828,0.01874854924469037,1.2076562534144537,0,0.03142531257354373,0.013339399898186206,2.5256733251399686,1,1,1
2026-09-10,Retailer C,232,8,0.034482758620689655,0.04515971513839335,0.019130645664878747,-0.5581074839154607,0,0.03142531257354373,0.013339399898186206,0.22920416738999283,0,0,0
2026-09-11,Retailer C,218,9,0.04128440366972477,0.04608996736359895,0.018182683989993145,-0.2642934176559921,0,0.03142531257354373,0.013339399898186206,0.7390955493823683,0,0,0
2026-09-12,Retailer C,201,12,0.05970149253731343,0.045562241456316335,0.018209158012793963,0.7764912068456266,0,0.03142531257354373,0.013339399898186206,2.1197490276616184,1,1,0
2026-09-13,Retailer C,224,7,0.03125,0.04679999939784357,0.018561234290709317,-0.8377675295886441,0,0.03142531257354373,0.013339399898186206,-0.013142463295336694,0,0,0
2026-09-14,Retailer C,234,11,0.04700854700854701,0.04801173409172112,0.016739681024654004,-0.059928685719675724,0,0.03142531257354373,0.013339399898186206,1.1682110555154863,0,1,0
2026-09-15,Retailer C,196,13,0.0663265306122449,0.05044184366468783,0.01340039956591885,1.1853890527232107,0,0.03142531257354373,0.013339399898186206,2.616400910467253,1,1,0
2026-09-16,Retailer C,228,12,0.05263157894736842,0.05126555866928067,0.01402826159658912,0.09737630487443209,0,0.03142531257354373,0.013339399898186206,1.589746655447983,0,1,1
2026-09-17,Retailer C,220,16,0.07272727272727272,0.05202095182506734,0.013776681409750526,1.502997731191662,0,0.03142531257354373,0.013339399898186206,3.096238246770376,1,1,1
2026-09-18,Retailer C,216,13,0.06018518518518518,0.05253702963372155,0.014439901370731967,0.5296542791466406,0,0.03142531257354373,0.013339399898186206,2.1560094780239707,1,1,1
2026-09-19,Retailer C,232,6,0.02586206896551724,0.05399147080055211,0.014081827192641692,-1.9975676061224203,0,0.03142531257354373,0.013339399898186206,-0.4170535144375527,0,0,0
2026-09-20,Retailer C,201,10,0.04975124378109453,0.05269212833836596,0.015803415895745028,-0.1860917017353978,0,0.03142531257354373,0.013339399898186206,1.3738197630646507,0,1,0
2026-09-21,Retailer C,221,11,0.049773755656108594,0.05325714545243697,0.015524560906659966,-0.2243792798567344,0,0.03142531257354373,0.013339399898186206,1.3755073858352316,0,1,0
2026-09-22,Retailer C,226,16,0.07079646017699115,0.052133686327436604,0.015134470821955948,1.2331302540476012,0,0.03142531257354373,0.013339399898186206,2.95149316340691,1,1,1
2026-09-23,Retailer C,268,10,0.03731343283582089,0.0519212554969875,0.014825120812428478,-0.9853425713010243,0,0.03142531257354373,0.013339399898186206,0.44140818231844037,0,0,0
2026-09-24,Retailer C,223,7,0.03139013452914798,0.04993533790884846,0.014783723812193585,-1.2544338365144803,0,0.03142531257354373,0.013339399898186206,-0.002637153445001003,0,0,0
2026-09-25,Retailer C,181,10,0.055248618784530384,0.04971443618802406,0.015053033332372658,0.36764567474946425,0,0.03142531257354373,0.013339399898186206,1.7859353788640802,0,1,0
2026-09-26,Retailer C,191,14,0.07329842931937172,0.05071188012479589,0.014913475500689454,1.5145060716083014,0,0.03142531257354373,0.013339399898186206,3.1390555096501447,1,1,0
2026-09-27,Retailer C,216,13,0.06018518518518518,0.051683089894942906,0.015950612153602658,0.5330262693599483,0,0.03142531257354373,0.013339399898186206,2.1560094780239707,1,1,1
2026-09-28,Retailer C,208,6,0.028846153846153848,0.05374988883674185,0.014942087220379536,-1.6666838188858757,0,0.03142531257354373,0.013339399898186206,-0.19334893226647906,0,0,0
2026-09-29,Retailer C,186,11,0.05913978494623656,0.05245257503942806,0.016299234574085043,0.4102775425688288,0,0.03142531257354373,0.013339399898186206,2.0776401175634027,1,1,0
2026-09-30,Retailer C,216,11,0.05092592592592592,0.0519392360632846,0.015937832389421647,-0.06357891792306943,0,0.03142531257354373,0.013339399898186206,1.4618808568017925,0,1,0
2026-09-01,Retailer D,180,3,0.016666666666666666,0.02839453088959325,0.013682984989570273,-0.857112993390407,0,0.024635599256950646,0.011176905852767012,-0.7129819911931305,0,0,0
2026-09-02,Retailer D,178,3,0.016853932584269662,0.028451220231996876,0.013628653317697718,-0.8509489072311612,0,0.024635599256950646,0.011176905852767012,-0.6962272721259894,0,0,0
2026-09-03,Retailer D,231,7,0.030303030303030304,0.02557343990638349,0.011128504163863214,0.4249978547885053,0,0.024635599256950646,0.011176905852767012,0.5070661881505067,0,0,0
2026-09-04,Retailer D,186,8,0.043010752688172046,0.02615064048358406,0.011150857098107892,1.5120014592823412,0,0.024635599256950646,0.011176905852767012,1.6440286491875882,0,1,0
2026-09-05,Retailer D,190,3,0.015789473684210527,0.02792413580546648,0.011744616566329549,-1.0332105822887927,0,0.024635599256950646,0.011176905852767012,-0.7914646226128966,0,0,0
2026-09-06,Retailer D,167,3,0.017964071856287425,0.027390825786232347,0.012135907178483906,-0.7767654936136856,0,0.024635599256950646,0.011176905852767012,-0.5969028896321591,0,0,0
2026-09-07,Retailer D,167,4,0.023952095808383235,0.02688825949025288,0.012385645478511245,-0.2370618218456042,0,0.024635599256950646,0.011176905852767012,-0.061153190119982916,0,0,0
2026-09-08,Retailer D,169,6,0.03550295857988166,0.026121831981933432,0.012196810521944773,0.7691458829396008,0,0.024635599256950646,0.011176905852767012,0.9723048101224394,0,0,0
2026-09-09,Retailer D,167,3,0.017964071856287425,0.025429347586711094,0.011270486338909797,-0.6623738768619803,0,0.024635599256950646,0.011176905852767012,-0.5969028896321591,0,0,0
2026-09-10,Retailer D,175,7,0.04,0.02459922423240534,0.01136836703665097,1.3547043051955865,0,0.024635599256950646,0.011176905852767012,1.3746560045726488,0,1,0
2026-09-11,Retailer D,173,7,0.04046242774566474,0.02660602695349378,0.011434663623039382,1.2117891045130607,0,0.024635599256950646,0.011176905852767012,1.4160295073789069,0,1,0
2026-09-12,Retailer D,192,6,0.03125,0.027018908869265862,0.011845675980751884,0.357184439082182,0,0.024635599256950646,0.011176905852767012,0.5917917561604815,0,0,0
2026-09-13,Retailer D,205,7,0.03414634146341464,0.026605549080906073,0.011566887835203538,0.6519292388708351,0,0.024635599256950646,0.011176905852767012,0.8509280056348925,0,0,0
2026-09-14,Retailer D,173,4,0.023121387283236993,0.028603656363566207,0.01008724059129524,-0.5434855083222784,0,0.024635599256950646,0.011176905852767012,-0.13547684785577635,0,0,0
2026-09-15,Retailer D,180,4,0.022222222222222223,0.02764194360853609,0.009907963400397618,-0.5470066013865542,0,0.024635599256950646,0.011176905852767012,-0.2159253255346116,0,0,0
2026-09-16,Retailer D,167,2,0.011976047904191617,0.02803876900536149,0.009538959361415857,-1.6839070691654254,0,0.024635599256950646,0.011176905852767012,-1.132652589144335,0,0,0
2026-09-17,Retailer D,173,1,0.005780346820809248,0.027690348671070203,0.010054098220206142,-2.1792110411481267,0,0.024635599256950646,0.011176905852767012,-1.6869832030904595,0,0,0
2026-09-18,Retailer D,150,5,0.03333333333333333,0.02593872842234013,0.011583712803587562,0.6383622450224283,0,0.024635599256950646,0.011176905852767012,0.778188005782426,0,0,0
2026-09-19,Retailer D,166,7,0.04216867469879518,0.02524748418270879,0.010744973561842341,1.5748005724441325,0,0.024635599256950646,0.011176905852767012,1.568687763215251,0,1,0
2026-09-20,Retailer D,181,5,0.027624309392265192,0.027131712826607694,0.011259444646497798,0.0437496325194616,0,0.024635599256950646,0.011176905852767012,0.26740049300626845,0,0,0
2026-09-21,Retailer D,179,7,0.03910614525139665,0.02782172979346325,0.010946047763498393,1.030912316641204,0,0.024635599256950646,0.011176905852767012,1.294682641606362,0,1,0
2026-09-22,Retailer D,188,3,0.015957446808510637,0.02890416189653564,0.01127818942360172,-1.1479426884719262,0,0.024635599256950646,0.011176905852767012,-0.7764360336176224,0,0,0
2026-09-23,Retailer D,192,4,0.020833333333333332,0.02750805391286628,0.011603560148783857,-0.5752304029063451,0,0.024635599256950646,0.011176905852767012,-0.3401894919492415,0,0,0
2026-09-24,Retailer D,155,5,0.03225806451612903,0.027713001161226696,0.011446296544895,0.3970771975962316,0,0.024635599256950646,0.011176905852767012,0.6819834898485191,0,0,0
2026-09-25,Retailer D,171,3,0.017543859649122806,0.027160005769521628,0.010984731240395527,-0.8754102317074599,0,0.024635599256950646,0.011176905852767012,-0.6344993597733645,0,0,0
2026-09-26,Retailer D,181,2,0.011049723756906077,0.025522965191197206,0.010548909441682856,-1.3720130516147675,0,0.024635599256950646,0.011176905852767012,-1.2155309956987048,0,0,0
2026-09-27,Retailer D,176,8,0.045454545454545456,0.0240800883166905,0.01107374807572107,1.9301917464347909,0,0.024635599256950646,0.011176905852767012,1.8626752763101038,0,1,0
2026-09-28,Retailer D,195,9,0.046153846153846156,0.024887817173199843,0.012217788597035642,1.740579222806819,0,0.024635599256950646,0.011176905852767012,1.9252418496097776,0,1,0
2026-09-29,Retailer D,161,2,0.012422360248447204,0.026532992806814783,0.01345018710352409,-1.049103068214601,0,0.024635599256950646,0.011176905852767012,-1.0927209345223097,0,0,0
2026-09-30,Retailer D,188,7,0.03723404255319149,0.02583300266583085,0.013937954082170748,0.8179851806187755,0,0.024635599256950646,0.011176905852767012,1.1271852391171306,0,1,0
2026-09-01,Retailer E,166,7,0.04216867469879518,0.02895060476841429,0.011059265083712048,1.1952032825262777,0,0.030253133018034752,0.014516546322434501,0.8208248309272868,0,0,0
2026-09-02,Retailer E,144,2,0.013888888888888888,0.030165707768013757,0.011534738573167301,-1.4111129416481825,0,0.030253133018034752,0.014516546322434501,-1.1272821899693766,0,0,0
2026-09-03,Retailer E,158,4,0.02531645569620253,0.028108990772272375,0.011697091663366183,-0.23873755600425972,0,0.030253133018034752,0.014516546322434501,-0.3400724395583587,0,0,0
2026-09-04,Retailer E,145,0,0.0,0.02819613864041765,0.011669408787545561,-2.4162439720605735,0,0.030253133018034752,0.014516546322434501,-2.0840448096996904,0,0,0
2026-09-05,Retailer E,157,3,0.01910828025477707,0.027723101743539695,0.012699923344955318,-0.6783364950139339,0,0.030253133018034752,0.014516546322434501,-0.7677344538923796,0,0,0
2026-09-06,Retailer E,167,9,0.05389221556886228,0.027417135128488264,0.012862853961775297,2.0582586507668004,1,0.030253133018034752,0.014516546322434501,1.6284233195532645,0,1,0
2026-09-07,Retailer E,173,5,0.028901734104046242,0.02976807759919121,0.014499317490728778,-0.059750639690380615,0,0.030253133018034752,0.014516546322434501,-0.09309369349788107,0,0,0
2026-09-08,Retailer E,136,5,0.03676470588235294,0.028338698358175884,0.01341242186125693,0.628224164982194,0,0.030253133018034752,0.014516546322434501,0.4485621248805525,0,0,0
2026-09-09,Retailer E,161,7,0.043478260869565216,0.02885147743430338,0.013599691547145654,1.075523175254056,0,0.030253133018034752,0.014516546322434501,0.9110381738039011,0,0,0
2026-09-10,Retailer E,159,2,0.012578616352201259,0.030182444603779866,0.014080698721536949,-1.2502098510674688,0,0.030253133018034752,0.014516546322434501,-1.2175428144722362,0,0,0
2026-09-11,Retailer E,174,3,0.017241379310344827,0.0286347332473324,0.014773419109948982,-0.7712063031715424,0,0.030253133018034752,0.014516546322434501,-0.8963394886551628,0,0,0
2026-09-12,Retailer E,183,7,0.03825136612021858,0.027765420004794004,0.01507908821318051,0.6953965629207537,0,0.030253133018034752,0.014516546322434501,0.5509735528362563,0,0,0
2026-09-13,Retailer E,169,6,0.03550295857988166,0.028700715248780866,0.015309201008305564,0.44432386297693993,0,0.030253133018034752,0.014516546322434501,0.3616442537529465,0,0,0
2026-09-14,Retailer E,167,2,0.011976047904191617,0.029505039130027826,0.015352695329936446,-1.141753343574543,0,0.030253133018034752,0.014516546322434501,-1.2590518920879228,0,0,0
2026-09-15,Retailer E,160,4,0.025,0.027076398873594875,0.015235413835270557,-0.13628765821824493,0,0.030253133018034752,0.014516546322434501,-0.3618720941851252,0,0,0
2026-09-16,Retailer E,179,3,0.01675977653631285,0.025850064966538078,0.014605088592392868,-0.6224055658902302,0,0.030253133018034752,0.014516546322434501,-0.9295156149413228,0,0,0
2026-09-17,Retailer E,177,3,0.01694915254237288,0.026055128369925507,0.014443488985282799,-0.6304554139814255,0,0.030253133018034752,0.014516546322434501,-0.9164700873169345,0,0,0
2026-09-18,Retailer E,172,5,0.029069767441860465,0.025457463858937674,0.014648074646884638,0.24660603321618502,0,0.030253133018034752,0.014516546322434501,-0.08151839631066124,0,0,0
2026-09-19,Retailer E,175,6,0.03428571428571429,0.027533875819070564,0.012691501212776138,0.5319968342158655,0,0.030253133018034752,0.014516546322434501,0.2777920572917133,0,0,0
2026-09-20,Retailer E,164,4,0.024390243902439025,0.028617978249851794,0.012564012735958707,-0.33649554774111495,0,0.030253133018034752,0.014516546322434501,-0.4038763067586512,0,0,0
2026-09-21,Retailer E,158,1,0.006329113924050633,0.026510694559392988,0.010262047517643773,-1.9666231910000127,0,0.030253133018034752,0.014516546322434501,-1.6480517171643576,0,0,0
2026-09-22,Retailer E,157,3,0.01910828025477707,0.02489836454653616,0.01154992395632186,-0.5013092998408776,0,0.030253133018034752,0.014516546322434501,-0.7677344538923796,0,0,0
2026-09-23,Retailer E,168,5,0.02976190476190476,0.023637191287423597,0.01111013699186185,0.551272543170935,0,0.030253133018034752,0.014516546322434501,-0.03383919599187491,0,0,0
2026-09-24,Retailer E,172,5,0.029069767441860465,0.02265745156544785,0.009747040914968258,0.6578730850062813,0,0.030253133018034752,0.014516546322434501,-0.08151839631066124,0,0,0
2026-09-25,Retailer E,165,6,0.03636363636363636,0.023835390928994938,0.009426524709967857,1.3290418070398442,0,0.030253133018034752,0.014516546322434501,0.4209336855942224,0,0,0
2026-09-26,Retailer E,169,5,0.029585798816568046,0.02520126643280148,0.009776459589459647,0.4484785462105003,0,0.030253133018034752,0.014516546322434501,-0.045970590155826475,0,0,0
2026-09-27,Retailer E,144,5,0.034722222222222224,0.024582297339683583,0.009140292923238582,1.1093654183399924,0,0.030253133018034752,0.014516546322434501,0.3078617396260946,0,0,0
2026-09-28,Retailer E,163,3,0.018404907975460124,0.02452653045699362,0.009070654742127161,-0.6748820956774632,0,0.030253133018034752,0.014516546322434501,-0.816187595823937,0,0,0
2026-09-29,Retailer E,153,7,0.0457516339869281,0.024985734747798517,0.008533218331591317,2.4335366132905514,1,0.030253133018034752,0.014516546322434501,1.0676438200001672,0,1,0
2026-09-30,Retailer E,165,5,0.030303030303030304,0.02646799431829338,0.010179423649475865,0.376743921541608,0,0.030253133018034752,0.014516546322434501,0.0034372697119037306,0,0,0
2026-09-01,Retailer F,151,4,0.026490066225165563,0.02586405156582816,0.011771012384106834,0.053182737296466005,0,0.026147553012083928,0.011372812943493151,0.03011684222570464,0,0,0
2026-09-02,Retailer F,144,1,0.006944444444444444,0.02613282252996336,0.011736788665571634,-1.634891675421026,0,0.026147553012083928,0.011372812943493151,-1.688510016216029,0,0,0
2026-09-03,Retailer F,136,7,0.051470588235294115,0.024247901895042726,0.0125801560552503,2.16393868412229,1,0.026147553012083928,0.011372812943493151,2.226629009817534,1,1,0
2026-09-04,Retailer F,128,5,0.0390625,0.02631320169917491,0.014506977629694495,0.8788390405130568,0,0.026147553012083928,0.011372812943493151,1.135598294993961,0,1,0
2026-09-05,Retailer F,162,6,0.037037037037037035,0.026817665984889192,0.014838938777526232,0.6886861119492733,0,0.026147553012083928,0.011372812943493151,0.9575013744672046,0,0,0
2026-09-06,Retailer F,120,6,0.05,0.027827399819050507,0.015031615137278485,1.4750643878555225,0,0.026147553012083928,0.011372812943493151,2.097321665838444,1,1,0
2026-09-07,Retailer F,156,6,0.038461538461538464,0.02784958260520845,0.015066548179666206,0.7043388923450891,0,0.026147553012083928,0.011372812943493151,1.0827563515409675,0,1,0
2026-09-08,Retailer F,139,2,0.014388489208633094,0.02854133689408504,0.015332382951956009,-0.9230690186776488,0,0.026147553012083928,0.011372812943493151,-1.0339626495113219,0,0,0
2026-09-09,Retailer F,151,2,0.013245033112582781,0.028983606029596303,0.014779733674551898,-1.06487527201607,0,0.026147553012083928,0.011372812943493151,-1.1345055936124584,0,0,0
2026-09-10,Retailer F,141,4,0.028368794326241134,0.02680142122064106,0.01467956909984728,0.10677241919971482,0,0.026147553012083928,0.011372812943493151,0.19531151397579863,0,0,0
2026-09-11,Retailer F,179,5,0.027932960893854747,0.027349931160200156,0.014576740235241598,0.0399972644257612,0,0.026147553012083928,0.011372812943493151,0.15698911875556024,0,0,0
2026-09-12,Retailer F,124,1,0.008064516129032258,0.02831739342343027,0.014091718264749276,-1.4372184366658112,0,0.026147553012083928,0.011372812943493151,-1.5900232398878689,0,0,0
2026-09-13,Retailer F,133,1,0.007518796992481203,0.02689542829178772,0.015097750166570433,-1.2834118385539603,0,0.026147553012083928,0.011372812943493151,-1.6380077745199348,0,0,0
2026-09-14,Retailer F,127,6,0.047244094488188976,0.025527723315060185,0.01596259968507957,1.3604532846505784,0,0.026147553012083928,0.011372812943493151,1.8549976668855033,0,1,0
2026-09-15,Retailer F,159,5,0.031446540880503145,0.02830206139674956,0.016131811220094078,0.19492414341154474,0,0.026147553012083928,0.011372812943493151,0.46593467198904237,0,0,0
2026-09-16,Retailer F,152,4,0.02631578947368421,0.02865609530070224,0.016143369672025207,-0.144970094507192,0,0.026147553012083928,0.011372812943493151,0.014792862806781317,0,0,0
2026-09-17,Retailer F,145,2,0.013793103448275862,0.0300397628027908,0.014923359965686356,-1.088673019472242,0,0.026147553012083928,0.011372812943493151,-1.086314320405362,0,0,0
2026-09-18,Retailer F,153,0,0.0,0.027348513889432352,0.014137949247770447,-1.9344045879741159,0,0.026147553012083928,0.011372812943493151,-2.299128029450621,0,0,0
2026-09-19,Retailer F,141,4,0.028368794326241134,0.024558335318003777,0.01544268138095594,0.24674853506570765,0,0.026147553012083928,0.011372812943493151,0.19531151397579863,0,0,0
2026-09-20,Retailer F,127,7,0.05511811023622047,0.0239391751243755,0.015073226078723474,2.0684978085650436,1,0.026147553012083928,0.011372812943493151,2.5473519496081907,1,1,0
2026-09-21,Retailer F,132,5,0.03787878787878788,0.024304754426962675,0.015798530125893582,0.8591959722618463,0,0.026147553012083928,0.011372812943493151,1.0315156791017008,0,1,0
2026-09-22,Retailer F,149,10,0.06711409395973154,0.024263129385337638,0.015759079914416024,2.7191285790228705,1,0.026147553012083928,0.011372812943493151,3.6021467293266474,1,1,1
2026-09-23,Retailer F,147,1,0.006802721088435374,0.028029244010416097,0.01915254104833032,-1.108287556644146,0,0.026147553012083928,0.011372812943493151,-1.7009716083228572,0,0,0
2026-09-24,Retailer F,154,4,0.025974025974025976,0.027569078865834134,0.019607074131440496,-0.08135088800681617,0,0.026147553012083928,0.011372812943493151,-0.01525805787188597,0,0,0
2026-09-25,Retailer F,129,4,0.031007751937984496,0.027398023983533054,0.01961000655088908,0.18407581583840846,0,0.026147553012083928,0.011372812943493151,0.4273524017363958,0,0,0
2026-09-26,Retailer F,150,3,0.02,0.02761765191525661,0.019633662827764586,-0.3879893416772059,0,0.026147553012083928,0.011372812943493151,-0.5405481513349951,0,0,0
2026-09-27,Retailer F,143,5,0.03496503496503497,0.02847018647746859,0.018967132295220686,0.3424264873822249,0,0.026147553012083928,0.011372812943493151,0.7753123169053686,0,0,0
2026-09-28,Retailer F,155,4,0.025806451612903226,0.030430632046936718,0.01803030115677108,-0.25646717677241526,0,0.026147553012083928,0.011372812943493151,-0.029992702849813445,0,0,0
2026-09-29,Retailer F,150,5,0.03333333333333333,0.028899371841559163,0.017391547003869138,0.2549492285411836,0,0.026147553012083928,0.011372812943493151,0.6318384340754222,0,0,0
2026-09-30,Retailer F,134,3,0.022388059701492536,0.029034142731047034,0.01742009108238508,-0.38151827095065605,0,0.026147553012083928,0.011372812943493151,-0.3305684643958161,0,0,0
