store_id,orders,cancellations,expected_cancellations,adjusted_excess_cancellations,poisson_z,flagged_z_ge_3
C033,163,24,5.149195370646137,18.850804629353863,8.307305986949519,1
C018,165,21,5.184254311660801,15.815745688339199,6.946187854229895,1
C005,171,19,5.377517265788499,13.622482734211502,5.87442494523544,1
C007,149,17,4.633450300261944,12.366549699738055,5.745082805879948,1
C037,170,17,5.426890475142287,11.573109524857713,4.967919326862798,1
C024,187,17,5.81159677149092,11.188403228509081,4.641094089102187,1
C002,156,16,4.913867168595157,11.086132831404843,5.001132623961395,1
C029,146,14,4.54808101404806,9.45191898595194,4.432062688066762,1
C011,184,15,5.829303268905779,9.170696731094221,3.7983414849260515,1
C021,160,14,4.880198898874697,9.119801101125303,4.128255853449909,1
C014,162,14,5.106419754601809,8.89358024539819,3.935667243981987,1
C009,178,12,5.50499662177528,6.49500337822472,2.76822159900383,0
C006,165,8,5.178810783986673,2.8211892160133267,1.2397016900021074,0
C003,167,8,5.331264695936446,2.6687353040635537,1.1558204601464013,0
C023,178,8,5.658604599360386,2.3413954006396143,0.9842832323393091,0
C035,148,7,4.668464419426991,2.331535580573009,1.0790834227996144,0
C020,185,8,5.844821343697094,2.1551786563029056,0.8914513704992346,0
C001,164,7,5.105265688966477,1.894734311033523,0.8385696601131841,0
C004,150,6,4.700091228483546,1.2999087715164537,0.5995973854981895,0
C027,152,6,4.826668432540026,1.1733315674599742,0.5340685720761206,0
C028,157,6,4.906781055921794,1.093218944078206,0.49352460422860334,0
C031,162,6,4.982160519750481,1.0178394802495188,0.45600587128762404,0
C038,165,6,5.100981145894925,0.8990188541050754,0.3980539525118891,0
C026,174,6,5.539335356734413,0.460664643265587,0.19572939399666897,0
C013,178,6,5.641523745334583,0.3584762546654172,0.15092534706809255,0
C025,163,5,5.153297967842919,-0.15329796784291894,-0.06752953676004264,0
C012,169,5,5.251650429853066,-0.25165042985306574,-0.10981199244960055,0
C019,141,4,4.414004064751818,-0.4140040647518184,-0.19705535471370383,0
C040,146,4,4.610881096712396,-0.6108810967123963,-0.284488506221888,0
C017,160,4,4.921855433198822,-0.9218554331988216,-0.4155261814849345,0
C015,160,4,5.050887730485606,-1.0508877304856057,-0.467597805060067,0
C030,163,4,5.147144072047745,-1.1471440720477446,-0.5056322928198543,0
C010,182,4,5.688406877542934,-1.688406877542934,-0.7079160944643648,0
C016,156,3,4.981440313694949,-1.9814403136949492,-0.887776263722624,0
C032,172,3,5.371141521236182,-2.371141521236182,-1.0231143541501346,0
C039,181,3,5.669536476558257,-2.6695364765582568,-1.121145769575567,0
C008,159,2,5.042233919610512,-3.0422339196105117,-1.3548184723084067,0
C022,163,2,5.063200441043197,-3.0632004410431968,-1.3613282456788023,0
C034,179,2,5.613333987203381,-3.613333987203381,-1.5250976945204333,0
C036,150,1,4.648928472170884,-3.6489284721708843,-1.6923450603180135,0
